{"current":{"color_primary":"#212529","color_secondary":"#84180b","color_dark":"#212529","color_light":"#e7e9ec","color_body_bg":"#ffffff","color_body_text":"#212529","color_danger":"#e25c2e","color_prefer_dark":false,"font_headings":"domine_n4","font_headings_custom":"","font_body":"domine_n4","border_radius":"0.5rem","buttons_padding_x":0.6,"buttons_padding_y":0.3,"buttons_letter_spacing":0.1,"buttons_text_transform":"capitalize","buttons_bg_gradient":false,"offcanvas_header_bg":"bg-white text-dark","offcanvas_header_title_size":"h5","offcanvas_backdrop_opacity":50,"offcanvas_backdrop_blur":true,"offcanvas_img_orientation":"square","offcanvas_img_thumbnail":"","favicon":"shopify:\/\/shop_images\/screenshot-20230430-090252.png","cart_drawer_show_shipping_rates":false,"cart_goal_enable":false,"cart_goal_value":"100","search_show_popular_products":true,"search_popular_products":["half-moon-teapot","pot-in-pot","alluring-xishi-pot"],"search_title_truncate":"text-truncate","social_facebook":"https:\/\/www.facebook.com\/profile.php?id=100092291016555","social_twitter":"https:\/\/twitter.com\/YiXingTeaART","social_instagram":"https:\/\/www.instagram.com\/yixingteapot_handwork\/","social_pinterest":"https:\/\/www.pinterest.com\/YixingTeaArt","social_tiktok":"https:\/\/www.tiktok.com\/@yixingteaart","social_snapchat":"","social_youtube":"https:\/\/www.youtube.com\/channel\/UCcgTi1yFAhfsM7Xl6fzsEzQ","social_linkedin":"","social_discord":"","social_whatsapp":"","social_email":"info@yixingteaart.com","social_phone":"+1-432-695-4720‬","color_swatches_show":false,"color_swatches_names":"Color","color_swatches_use_variant_images":true,"size_buttons_show":false,"size_buttons_names":"Size, Sizes","checkout_logo_image":"shopify:\/\/shop_images\/5.jpg","checkout_logo_position":"center","checkout_logo_size":"large","checkout_accent_color":"#84180b","checkout_button_color":"#84180b","cart_upsell_collection":"apparel","cart_upsell_product_title_truncate":"text-truncate","license_key":"9VIQD8W9-1T5KWAJBM-00DIA-05C0","animations_on_scroll":true,"img_thumbnail":"img-thumbnail","buttons_border_radius":"rounded-pill","sections":{"navbar":{"type":"navbar","settings":{"bg_color":"bg-white text-dark","container":"container","shadow":"shadow-sm","logo_height_mobile":42,"logo":"shopify:\/\/shop_images\/ecomify-logo-black.png","logo_height_desktop":52,"menu_mobile":"main-menu","utilities_menu":"utilities-menu","offcanvas_menu_show_social_icons":true,"menu_desktop":"main-menu","pt":3,"pb":3}},"footer":{"type":"footer","blocks":{"738cdbe4-d453-45ea-8940-aed81d08bf3b":{"type":"menu","settings":{"menu":"shop","title":"Shop","title_size":"h6"}},"ac3b4c00-f362-4697-b848-3957315b3c61":{"type":"menu","settings":{"menu":"company","title":"Company","title_size":"h6"}},"347c0c0a-1863-4236-a7ce-8cc6a91e5950":{"type":"menu","settings":{"menu":"footer","title":"Legal","title_size":"h6"}},"3cda8bcc-909e-48bd-a7b7-2823ca9ea34b":{"type":"richtext","settings":{"title":"Ecomify","title_size":"h6","description":"<p>Ecomify | Simplifying Ecommerce  <\/p>","btn_text":"Learn more","btn_url":"https:\/\/ecomgraduates.com\/products\/ecomify-premium-shopify-theme","btn_color":"btn-primary","btn_size":"btn-sm"}}},"block_order":["738cdbe4-d453-45ea-8940-aed81d08bf3b","ac3b4c00-f362-4697-b848-3957315b3c61","347c0c0a-1863-4236-a7ce-8cc6a91e5950","3cda8bcc-909e-48bd-a7b7-2823ca9ea34b"],"settings":{"bg_color":"bg-dark text-white","container":"container","show_payment_icons":true,"show_social_icons":true,"show_powered_by":true,"show_about_area":true,"about_logo":"shopify:\/\/shop_images\/ecomify-logo-white.png","about_logo_height":50,"about_description":"<p>Ecomify | Simplifying Ecommerce  <\/p>","about_phone_text":"+1-202-555-1234","about_phone_url":"tel:+1-202-555-1234","about_email_text":"hello@ecomgraduates.com","about_email_url":"mailto:info@ecomgraduates.com","pt":10,"pb":6}},"template-cart":{"type":"template-cart","settings":{"show_note":true,"mt":10,"mb":10}},"announcement-bar":{"type":"announcement-bar","blocks":{"cf923d4e-4c36-46bb-ad52-64f13460006c":{"type":"Announcement","settings":{"description":"<p>🔥 Download Ecomify Premium Theme Today.<\/p>","url":"https:\/\/www.ecomgraduates.com"}},"70d481db-010f-4095-9699-df6cb2715aa5":{"type":"Announcement","settings":{"description":"<p>📦 Free Shipping For All Orders Over $100.<\/p>","url":"shopify:\/\/collections\/all"}}},"block_order":["cf923d4e-4c36-46bb-ad52-64f13460006c","70d481db-010f-4095-9699-df6cb2715aa5"],"settings":{"show":true,"homepage":false,"bg_color":"bg-dark text-white","max_width":"600","font_size":"small","text_transform":"text-capitalize","controls":true,"autoplay":true,"pt":3,"pb":3}},"newsletter":{"type":"newsletter","settings":{"bg_color":"bg-dark text-white","container":"container","max_width":"1000","title":"Newsletter Subscribe","title_size":"h3","description":"<p>Subscribe to get updates about our latest offers and other important stuff. We usually send once per week.<\/p>","description_size":"fs-6","input_group_size":"","btn_color":"btn-primary","notice":"<p>By signing up for email, you agree to our <a href=\"#\" title=\"#\">Terms of Service<\/a> and <a href=\"#\" title=\"#\">Privacy Policy<\/a>.<\/p>","pt":11,"pb":10,"mt":0,"mb":0}}},"content_for_index":[],"blocks":{"17368511000352060744":{"type":"shopify:\/\/apps\/goaffpro-affiliate-marketing\/blocks\/goaffpro-embedded-pixel\/2f4d802b-86c2-47e4-8096-ae1aa3efbab2","disabled":false,"settings":{}},"855628211100114053":{"type":"shopify:\/\/apps\/klaviyo-email-marketing-sms\/blocks\/klaviyo-onsite-embed\/2632fe16-c075-4321-a88b-50b567f42507","disabled":false,"settings":{}},"1143683040400472741":{"type":"shopify:\/\/apps\/trustoo-io-product-reviews\/blocks\/trustoo-review-switch\/c8f15077-6475-4e86-ad06-b66038d5ba2c","disabled":false,"settings":{}},"11531005611096603357":{"type":"shopify:\/\/apps\/zalify-pixels-popups-emails\/blocks\/popup-embed\/0f5e9b69-424e-42a3-8bd7-8d5b75dd8130","disabled":false,"settings":{}},"15683396631634586217":{"type":"shopify:\/\/apps\/inbox\/blocks\/chat\/841fc607-4181-4ad1-842d-e24d7f8bad6b","disabled":false,"settings":{"button_color":"#000000","secondary_color":"#FFFFFF","ternary_color":"#6A6A6A","button_icon":"chat_bubble","button_text":"chat_with_us","button_horizontal_position":"bottom_right","button_vertical_position":"lowest","greeting_message":""}},"14327677521557774844":{"type":"shopify:\/\/apps\/simprosys-google-shopping-feed\/blocks\/core_settings_block\/1f0b859e-9fa6-4007-97e8-4513aff5ff3b","disabled":false,"settings":{}},"776302416715791028":{"type":"shopify:\/\/apps\/bucks-currency-converter-pro\/blocks\/app-embed\/4f0a9b06-9da4-4a49-b378-2de9d23a3af3","disabled":false,"settings":{}},"4677439793077996495":{"type":"shopify:\/\/apps\/pixee-multi-facebook-pixels\/blocks\/facebook-pixel\/61bbb1d9-d4be-4d08-879a-ee3ccb59f558","disabled":false,"settings":{}},"1232542678405107163":{"type":"shopify:\/\/apps\/instafeed\/blocks\/head-block\/c447db20-095d-4a10-9725-b5977662c9d5","disabled":false,"settings":{}}}}}