{"type":"footer","name":"Footer Group","sections":{"newsletter":{"type":"newsletter","settings":{"bg_color":"bg-dark text-white","bg_gradient":false,"container":"container","max_width":"1000","title":"Newsletter Subscribe","title_size":"h3","description":"<p>Promotions, new products and sales. Directly to your inbox.<\/p>","description_size":"fs-6","input_group_size":"","btn_color":"btn-primary","notice":"<p>By signing up for email, you agree to our <a href=\"#\" title=\"#\">Terms of Service<\/a> and <a href=\"#\" title=\"#\">Privacy Policy<\/a>.<\/p>","pt":11,"pb":10,"mt":0,"mb":0}},"footer":{"type":"footer","blocks":{"738cdbe4-d453-45ea-8940-aed81d08bf3b":{"type":"menu","settings":{"menu":"footer-menu","title":"LEGAL","title_size":"h6"}},"ac3b4c00-f362-4697-b848-3957315b3c61":{"type":"menu","disabled":true,"settings":{"menu":"","title":"Company","title_size":"h6"}},"347c0c0a-1863-4236-a7ce-8cc6a91e5950":{"type":"menu","disabled":true,"settings":{"menu":"footer","title":"Legal","title_size":"h6"}}},"block_order":["738cdbe4-d453-45ea-8940-aed81d08bf3b","ac3b4c00-f362-4697-b848-3957315b3c61","347c0c0a-1863-4236-a7ce-8cc6a91e5950"],"settings":{"bg_color":"bg-light text-body","bg_gradient":false,"container":"container","show_payment_icons":true,"show_social_icons":true,"show_powered_by":false,"show_about_area":true,"about_bg_transparent":true,"about_logo":"shopify:\/\/shop_images\/screenshot-20230430-095249.png","about_logo_height":42,"about_description":"<p>At Yixing TeaArt, we believe that every cup of tea should be an experience. Our teapots are crafted by skilled artisans who have been honing their craft for generations. We believe that the art of making a Yixing teapot is more than just a skill - it's a form of meditation that requires patience, focus, and dedication.<\/p><p>Address: 1029 Lyell Ave, Rochester, NY 14606<\/p>","about_phone_text":"+1 ‪(432) 695-4720‬ （text message only）","about_phone_url":"","about_email_text":"info@yixingteaart.com","about_email_url":"","pt":10,"pb":6}}},"order":["newsletter","footer"]}