{"type":"header","name":"Header Group","sections":{"announcement-bar":{"type":"announcement-bar","blocks":{"announcement_7aeT9Q":{"type":"Announcement","disabled":true,"settings":{"description":"<p>🎃<strong>15% Off <\/strong>for All Teapot code: <span style=\"text-decoration:underline\">Halloween<\/span>👻<\/p>","url":"https:\/\/www.yixingteaart.shop\/discount\/HALLOWEEN"}},"cf923d4e-4c36-46bb-ad52-64f13460006c":{"type":"Announcement","disabled":true,"settings":{"description":"<p>Mother Days Sale 20% Off - code: motherday20<\/p>","url":""}},"70d481db-010f-4095-9699-df6cb2715aa5":{"type":"Announcement","settings":{"description":"<p>📦 Free Shipping For All Orders <\/p>","url":"shopify:\/\/collections\/all"}},"announcement_4Jycgc":{"type":"Announcement","disabled":true,"settings":{"description":"<p><strong>🎉<\/strong>Black Friday Sale <strong>Upto 75% OFF<\/strong><\/p>","url":""}}},"block_order":["announcement_7aeT9Q","cf923d4e-4c36-46bb-ad52-64f13460006c","70d481db-010f-4095-9699-df6cb2715aa5","announcement_4Jycgc"],"settings":{"show":true,"homepage":false,"sticky":false,"bg_color":"bg-primary text-white","bg_gradient":false,"max_width":"1200","font_size":"small","text_transform":"text-capitalize","animation":"animate__fadeInDown","animation_speed":"animate__fast","controls":true,"autoplay":true,"pt":3,"pb":3}},"navbar":{"type":"navbar","settings":{"bg_color":"bg-white text-dark","bg_gradient":false,"container":"container","menu_type":"standard","shadow":"shadow-sm","layout_mobile":"navbar-mobile-with-search","layout_desktop":"navbar-desktop-logo-left","logo_mobile":"shopify:\/\/shop_images\/screenshot-20230430-095249.png","logo_height_mobile":46,"logo":"shopify:\/\/shop_images\/screenshot-20230430-095249.png","logo_height_desktop":58,"menu_mobile":"header-menu","utilities_menu":"","offcanvas_menu_show_social_icons":true,"menu_desktop":"header-menu","menu_desktop_trigger":"menu-desktop-click","pt":3,"pb":3}}},"order":["announcement-bar","navbar"]}