{"sections":{"template-blog":{"type":"template-blog","settings":{"title_show":false,"title_size":"h1","limit":42,"show_filter_by":true,"article_img_orientation":"square","article_title_size":"h4","article_meta":false,"article_excerpt":false,"breakpoint_xs":1,"breakpoint_sm":2,"breakpoint_md":2,"breakpoint_lg":3,"breakpoint_xl":3,"breakpoint_xxl":3,"pt":0,"pb":0,"mt":10,"mb":10}},"86f3aeff-d336-43dd-9439-d3a1ad9c3eae":{"type":"latest-articles","disabled":true,"settings":{"blog":"news","limit":3,"bg_color":"","bg_gradient":false,"container":"container","text_align":"text-center","title":"Latest Articles","title_size":"h2","description":"<p>keep your audience engaged and up-to-date on your latest offerings, promotions, and industry insights. <\/p>","description_size":"fs-6","article_img_orientation":"landscape-2","article_title_size":"h5","article_meta":true,"article_excerpt":true,"breakpoint_xs_scroll":true,"breakpoint_xs":1,"breakpoint_sm":2,"breakpoint_md":2,"breakpoint_lg":3,"breakpoint_xl":3,"breakpoint_xxl":3,"pt":12,"pb":12,"mt":0,"mb":0}},"3f99cec1-9952-4176-b640-6d7d85438f02":{"type":"featured-products","settings":{"products":["ecomify-mug","ecomify-beauty-cleanser-kit","ecomify-cream-solution","ecomify-crop-top","ecomify-coffee-craze-cup","ecomify-flats","ecomify-plain-pullover-hoodie"],"collection":"teapot","limit":12,"bg_color":"","container":"container","text_align":"text-center","title":"Continue Shopping","title_size":"h3","description":"<p>We think you might prefer this products.<\/p>","description_size":"fs-6","product_img_mode":"gallery","product_img_orientation":"square","product_img_thumbnail":"img-thumbnail","product_show_sale_badge":true,"product_sale_badge_color":"bg-success text-white","product_title_size":"h6","product_title_truncate":"text-truncate","product_show_atc_form":true,"product_form_show_inventory":true,"carousel_enable":true,"carousel_arrows":true,"carousel_pagination":false,"carousel_easing":"cubic-bezier(.42,.65,.27,.99)","carousel_speed":400,"carousel_autoplay":false,"carousel_interval":5,"carousel_per_move":"0","carousel_rewind":true,"breakpoint_xs":2,"breakpoint_sm":2,"breakpoint_md":2,"breakpoint_lg":3,"breakpoint_xl":4,"breakpoint_xxl":4,"btn_show":false,"btn_text":"Shop all products","btn_url":"shopify:\/\/collections\/all","btn_color":"btn-primary","pt":6,"pb":12,"mt":0,"mb":0}}},"order":["template-blog","86f3aeff-d336-43dd-9439-d3a1ad9c3eae","3f99cec1-9952-4176-b640-6d7d85438f02"]}