{"sections":{"template-cart":{"type":"template-cart","settings":{"bg_color":"","max_width":"1000","show_note":true,"show_shipping_rates":true,"product_img_orientation":"square","product_img_thumbnail":"img-thumbnail","product_title_size":"h6","pt":11,"pb":11,"mt":0,"mb":0}},"1830ed20-2da0-4c1e-a319-afb69e88c318":{"type":"featured-products","settings":{"products":["ecomify-beauty-cleanser-kit","ecomify-coffee-craze-cup","ecomify-sports-bra","ecomify-aluminum-bottle","ecomify-mug","ecomify-moisturizer","ecomify-iphone-case","ecomify-glass-wine-mug","ecomify-flats","ecomify-doggy-mat","ecomify-next-level-pullover-hoodie"],"collection":"","limit":12,"bg_color":"bg-light text-body","container":"container","text_align":"text-center","title":"Popular Products","title_size":"h3","description":"<p>We think you might like the following products<\/p>","description_size":"fs-6","product_img_mode":"hover","product_img_orientation":"square","product_img_thumbnail":"img-thumbnail","product_show_sale_badge":true,"product_sale_badge_color":"bg-success text-white","product_title_size":"h6","product_title_truncate":"text-truncate","product_show_atc_form":true,"carousel_enable":true,"carousel_arrows":true,"carousel_pagination":false,"carousel_easing":"cubic-bezier(.42,.65,.27,.99)","carousel_speed":400,"carousel_autoplay":false,"carousel_interval":5,"carousel_per_move":"0","carousel_rewind":true,"breakpoint_xs":1,"breakpoint_sm":2,"breakpoint_md":2,"breakpoint_lg":3,"breakpoint_xl":4,"breakpoint_xxl":4,"btn_show":false,"btn_text":"View more products","btn_url":"","btn_color":"btn-primary","pt":10,"pb":9,"mt":0,"mb":0}}},"order":["template-cart","1830ed20-2da0-4c1e-a319-afb69e88c318"]}