{"sections":{"template-collection":{"type":"template-collection","settings":{"container":"container","text_align":"text-center","limit":40,"enable_infinite_pagination":true,"show_filters":false,"filters_btn_color":"btn-outline-secondary","show_sort_by":true,"show_scroll_top_btn":true,"scroll_top_btn_color":"btn-secondary","show_collection_img":true,"img_opacity":0.3,"img_blur":0,"title_size":"h1","show_collection_description":true,"description_size":"fs-5","product_img_mode":"gallery","product_img_orientation":"square","product_img_thumbnail":"","product_show_sale_badge":true,"product_sale_badge_color":"bg-success text-white","product_title_size":"h6","product_title_truncate":"","product_show_atc_form":true,"product_form_show_inventory":false,"breakpoint_xs":2,"breakpoint_sm":2,"breakpoint_md":3,"breakpoint_lg":3,"breakpoint_xl":4,"breakpoint_xxl":4}},"featured_products_tT44wm":{"type":"featured-products","settings":{"products":[],"collection":"tea-set","limit":12,"bg_color":"","container":"container","text_align":"text-center","title":"You May Also Like","title_size":"h2","description":"","description_size":"fs-6","product_img_mode":"gallery","product_img_orientation":"square","product_img_thumbnail":"img-thumbnail","product_show_sale_badge":true,"product_sale_badge_color":"bg-success text-white","product_title_size":"h6","product_title_truncate":"","product_show_atc_form":true,"product_form_show_inventory":true,"carousel_enable":true,"carousel_arrows":true,"carousel_pagination":true,"carousel_easing":"cubic-bezier(.42,.65,.27,.99)","carousel_speed":400,"carousel_autoplay":false,"carousel_interval":5,"carousel_per_move":"0","carousel_rewind":true,"breakpoint_xs":1,"breakpoint_sm":2,"breakpoint_md":2,"breakpoint_lg":3,"breakpoint_xl":4,"breakpoint_xxl":4,"btn_show":false,"btn_text":"View more products","btn_url":"","btn_color":"btn-primary","pt":0,"pb":0,"mt":0,"mb":0}}},"order":["template-collection","featured_products_tT44wm"]}