{"sections":{"carousel":{"type":"carousel","blocks":{"slide_Yk9h8A":{"type":"slide","disabled":true,"settings":{"img_mobile":"shopify:\/\/shop_images\/motherdaysale_1200_x_1600.jpg","img_mobile_height":450,"img_mobile_opacity":1,"img_mobile_blur":0,"caption_position_mobile":"carousel-caption-mobile-center","img_desktop":"shopify:\/\/shop_images\/motherdaysale_1920_x_1000_0978aab8-130f-49f0-93be-66f84fe7ceca.jpg","img_desktop_height":540,"img_desktop_opacity":1,"img_desktop_blur":0,"caption_position_desktop":"carousel-caption-desktop-bottom","caption_color":"","caption_animation":"animate__fadeInUp","caption_animation_speed":"","subtitle":"","subtitle_size":"fs-5","title":"","title_size":"h2","description":"","description_size":"fs-5","btn_text":"","btn_url":"","btn_color":"btn-primary","btn_size":"btn-md","btn_secondary_text":"","btn_secondary_url":"","btn_secondary_color":"btn-primary","btn_secondary_size":"btn-md","slide_link":""}},"7c7200c0-9e25-4d6f-8e80-68098f92561e":{"type":"slide","settings":{"img_mobile":"shopify:\/\/shop_images\/teapot_banner_1.jpg","img_mobile_height":450,"img_mobile_opacity":0.6,"img_mobile_blur":0,"caption_position_mobile":"carousel-caption-mobile-center","img_desktop":"shopify:\/\/shop_images\/download_4.jpg","img_desktop_height":450,"img_desktop_opacity":0.6,"img_desktop_blur":1,"caption_position_desktop":"carousel-caption-desktop-center","caption_color":"rgba(0,0,0,0)","caption_animation":"animate__fadeInUp","caption_animation_speed":"animate__fast","subtitle":"","subtitle_size":"fs-5","title":"Crafted With Care: Elevate Your Tea Experience","title_size":"h1","description":"","description_size":"fs-6","btn_text":"SHOP All","btn_url":"shopify:\/\/collections\/teapot","btn_color":"btn-secondary","btn_size":"btn-md","btn_secondary_text":"","btn_secondary_url":"https:\/\/ecomgraduates.com\/products\/ecomifylite-premium-shopify-theme","btn_secondary_color":"btn-secondary","btn_secondary_size":"","slide_link":""}},"slide_7dWNFT":{"type":"slide","disabled":true,"settings":{"img_mobile":"shopify:\/\/shop_images\/teapot_banner_1.jpg","img_mobile_height":450,"img_mobile_opacity":0.7,"img_mobile_blur":0,"caption_position_mobile":"carousel-caption-mobile-center","img_desktop":"shopify:\/\/shop_images\/download_4.jpg","img_desktop_height":450,"img_desktop_opacity":1,"img_desktop_blur":1,"caption_position_desktop":"carousel-caption-desktop-left","caption_color":"rgba(0,0,0,0)","caption_animation":"animate__fadeInUp","caption_animation_speed":"animate__fast","subtitle":"","subtitle_size":"fs-5","title":"Black Friday Sale","title_size":"h1","description":"<h4>Use \"BF25\" to get an extra 25% off for all teapot & cup<\/h4>","description_size":"fs-6","btn_text":"SHOP All","btn_url":"shopify:\/\/collections\/teapot","btn_color":"btn-secondary","btn_size":"btn-md","btn_secondary_text":"","btn_secondary_url":"https:\/\/ecomgraduates.com\/products\/ecomifylite-premium-shopify-theme","btn_secondary_color":"btn-secondary","btn_secondary_size":"","slide_link":""}},"slide_pGmKbG":{"type":"slide","disabled":true,"settings":{"img_mobile":"shopify:\/\/shop_images\/black_friday_sale_mobile_banner.jpg","img_mobile_height":450,"img_mobile_opacity":1,"img_mobile_blur":0,"caption_position_mobile":"carousel-caption-mobile-center","img_desktop":"shopify:\/\/shop_images\/black_friday_sale_banner3_8a2249cf-999a-403d-91c2-4424f2cc1880.jpg","img_desktop_height":500,"img_desktop_opacity":1,"img_desktop_blur":0,"caption_position_desktop":"carousel-caption-desktop-center","caption_color":"","caption_animation":"animate__fadeInUp","caption_animation_speed":"","subtitle":"","subtitle_size":"fs-5","title":"","title_size":"h2","description":"","description_size":"fs-5","btn_text":"Shop Now","btn_url":"shopify:\/\/collections\/teapot","btn_color":"btn-light","btn_size":"btn-md","btn_secondary_text":"","btn_secondary_url":"","btn_secondary_color":"btn-primary","btn_secondary_size":"btn-md","slide_link":""}}},"block_order":["slide_Yk9h8A","7c7200c0-9e25-4d6f-8e80-68098f92561e","slide_7dWNFT","slide_pGmKbG"],"settings":{"bg_color":"bg-white","container":"container-fluid","controls":false,"controls_style":"carousel-controls-arrows","indicators":false,"indicators_style":"carousel-indicators-circles","autoplay":false,"animation":"slide","ken_burns":false,"lazyload":false,"mt":0,"mb":0}},"a809c4c1-73b9-42ec-b63f-9e0e1ec77bdb":{"type":"featured-products","settings":{"products":[],"collection":"teapot","limit":12,"bg_color":"","container":"container","text_align":"text-center","title":"CRAFTSMANSHIP MEETS TRADITION","title_size":"h2","description":"","description_size":"fs-6","product_img_mode":"hover","product_img_orientation":"square","product_img_thumbnail":"","product_show_sale_badge":true,"product_sale_badge_color":"bg-primary text-white","product_title_size":"h6","product_title_truncate":"","product_show_atc_form":true,"product_form_show_inventory":true,"carousel_enable":true,"carousel_arrows":true,"carousel_pagination":true,"carousel_easing":"cubic-bezier(.42,.65,.27,.99)","carousel_speed":400,"carousel_autoplay":true,"carousel_interval":4,"carousel_per_move":"1","carousel_rewind":true,"breakpoint_xs":1,"breakpoint_sm":2,"breakpoint_md":2,"breakpoint_lg":3,"breakpoint_xl":4,"breakpoint_xxl":4,"btn_show":true,"btn_text":"View more products","btn_url":"shopify:\/\/collections\/teapot","btn_color":"btn-secondary","pt":10,"pb":10,"mt":0,"mb":0}},"89e25ca3-54f5-455a-a388-e1619b6ae4d9":{"type":"image-with-text","settings":{"bg_color":"bg-light text-body","bg_gradient":false,"container":"container","max_width":"","text_align":"text-start","animation":"animate__fadeInUp","animation_speed":"animate__fast","image":"shopify:\/\/shop_images\/clay-teapot-on-the-table.jpg","img_orientation":"square","img_crop":"center","img_thumbnail":"","img_align_desktop":"flex-lg-row","img_size_desktop":"1\/3","title":"Yixing: The Birthplace of Purple Clay Teapots","title_size":"h2","subtitle":"","subtitle_size":"fs-6","description":"<p>Purple clay is primarily sourced from <strong>Yixing<\/strong>, a city in the Jiangsu province of China. The use of Yixing clay in teaware dates back to the Song dynasty (960-1279), when the region's rich clay deposits were first discovered. Over time, Yixing became a hub for pottery production, and the local artisans developed a reputation for their skill in crafting teapots and other vessels from the distinctive purple clay.<\/p>","description_size":"fs-6","btn_text":"","btn_url":"","btn_color":"btn-primary","btn_size":"btn-md","pt":5,"pb":5,"mt":0,"mb":0}},"ea15ac55-2f6c-4807-a5f6-7db273cec6d9":{"type":"image-with-text","settings":{"bg_color":"bg-light text-body","bg_gradient":false,"container":"container","max_width":"","text_align":"text-start","animation":"animate__fadeInUp","animation_speed":"animate__fast","image":"shopify:\/\/shop_images\/close-up-of-chinese-terracotta-teapot.jpg","img_orientation":"landscape","img_crop":"center","img_thumbnail":"","img_align_desktop":"flex-lg-row-reverse","img_size_desktop":"1\/3","title":"Zisha: The Mysterious Purple Clay","title_size":"h2","subtitle":"","subtitle_size":"fs-6","description":"<p>The name \"zisha\" actually refers to the color of the clay, which can range from deep purple to reddish-brown. Zisha clay is formed from a mixture of quartz, mica, and other minerals, and its unique composition is what gives it its special properties. Unlike other types of clay, zisha is left unglazed to allow the teapot to absorb the flavors of the tea brewed in it. This creates a kind of \"tea memory\" that can enhance the flavor of future brews.<\/p>","description_size":"fs-6","btn_text":"","btn_url":"","btn_color":"btn-primary","btn_size":"btn-md","pt":5,"pb":5,"mt":0,"mb":0}},"image_with_text_QU8drj":{"type":"image-with-text","settings":{"bg_color":"bg-light text-body","bg_gradient":false,"container":"container","max_width":"","text_align":"text-start","animation":"animate__fadeInUp","animation_speed":"animate__fast","image":"shopify:\/\/shop_images\/teapot_banner_1.jpg","img_orientation":"landscape","img_crop":"center","img_thumbnail":"","img_align_desktop":"flex-lg-row","img_size_desktop":"1\/3","title":"Handmade by Local Artisans","title_size":"h2","subtitle":"","subtitle_size":"fs-6","description":"<p>The making of purple clay teapots is an art form that has been passed down through generations. The teapots are handmade by local artisans who spend years learning how to manipulate the clay into the perfect shape. The tools used in the process are simple, including spatulas, small hammers, and bamboo needles. The skill and craftsmanship involved in making a purple clay teapot is what makes it such a highly prized object.<\/p>","description_size":"fs-6","btn_text":"","btn_url":"","btn_color":"btn-primary","btn_size":"btn-md","pt":5,"pb":5,"mt":0,"mb":0}},"image_with_text_waAMFU":{"type":"image-with-text","settings":{"bg_color":"bg-light text-body","bg_gradient":false,"container":"container","max_width":"","text_align":"text-start","animation":"animate__fadeInUp","animation_speed":"animate__fast","image":"shopify:\/\/shop_images\/a-ceramic-teapot-on-a-wooden-table-with-chinese-characters.jpg","img_orientation":"landscape","img_crop":"center","img_thumbnail":"","img_align_desktop":"flex-lg-row-reverse","img_size_desktop":"1\/3","title":"The Benefits of Purple Clay Teapots","title_size":"h2","subtitle":"","subtitle_size":"fs-6","description":"<p>Aside from the unique flavor-enhancing properties of zisha clay, a purple clay teapot also has high heat retention capabilities. This makes it ideal for brewing teas that require near-boiling temperatures, such as black tea, pu-erh tea, and oolong tea. Over time, as the teapot is used to brew multiple batches of tea, it develops a patina that adds to its character and transforms it into a unique antique to be treasured for generations.<\/p>","description_size":"fs-6","btn_text":"","btn_url":"","btn_color":"btn-primary","btn_size":"btn-md","pt":5,"pb":10,"mt":0,"mb":0}},"5cec5f55-2d4a-4dae-a903-e18f9fd86754":{"type":"separator","disabled":true,"settings":{"full_width":false,"opacity":0.1,"mt":0,"mb":0}},"image_with_text_3aTCrd":{"type":"image-with-text","settings":{"bg_color":"","bg_gradient":false,"container":"container","max_width":"","text_align":"text-start","animation":"animate__fadeInUp","animation_speed":"animate__fast","image":"shopify:\/\/shop_images\/0f4c95b0-2597-4287-8a48-9b7d8fd41759.jpg","img_orientation":"landscape","img_crop":"center","img_thumbnail":"img-thumbnail","img_align_desktop":"flex-lg-row","img_size_desktop":"1\/2","title":"Craft Your Own Teapot","title_size":"h2","subtitle":"","subtitle_size":"fs-6","description":"<p>Unleash your creativity by making your own teapot! Explore our selection of premium tools and materials to bring your unique design to life. Start your teapot-making journey today!<\/p>","description_size":"fs-6","btn_text":"Shop Now","btn_url":"shopify:\/\/collections\/making-tools","btn_color":"btn-primary","btn_size":"btn-md","pt":0,"pb":0,"mt":0,"mb":0}},"testimonials_RNVMam":{"type":"testimonials","blocks":{"item_3e7mxE":{"type":"item","settings":{"text_align":"text-start","shadow":"shadow-sm","border_color":"","border_width":1,"img_width":"70","img_height":"70","title":"John","title_size":"h5","show_stars":true,"star_color":"#ffb81c","description":"<p>As a tea enthusiast, I'm thrilled with my Yixing TeaArt teapot. The purple clay truly enhances the flavor, and it's a joy to use every day.<\/p>","description_size":"fs-6","btn_text":"","btn_url":"","btn_color":"btn-primary","btn_size":"btn-md"}},"item_7cr3M7":{"type":"item","settings":{"text_align":"text-start","shadow":"shadow-sm","border_color":"","border_width":1,"img_width":"70","img_height":"70","title":"Emily","title_size":"h5","show_stars":true,"star_color":"#ffb81c","description":"<p>I'm in love with my Yixing TeaArt teapot! The craftsmanship is impeccable, and it brews the most amazing tea. Highly recommended!<\/p>","description_size":"fs-6","btn_text":"","btn_url":"","btn_color":"btn-primary","btn_size":"btn-md"}},"item_kLj6M3":{"type":"item","settings":{"text_align":"text-start","shadow":"shadow-sm","border_color":"","border_width":1,"img_width":"70","img_height":"70","title":"Sofia","title_size":"h5","show_stars":true,"star_color":"#ffb81c","description":"<p>Yixing TeaArt's teapots are a must-have for any serious tea lover. The quality is top-notch, and the free shipping was a bonus.<\/p>","description_size":"fs-6","btn_text":"","btn_url":"","btn_color":"btn-primary","btn_size":"btn-md"}},"item_Lb9Nc8":{"type":"item","settings":{"text_align":"text-start","shadow":"shadow-sm","border_color":"","border_width":1,"img_width":"70","img_height":"70","title":"Aria","title_size":"h5","show_stars":true,"star_color":"#ffb81c","description":"<p>Yixing TeaArt's teapots have become an integral part of my daily tea ritual. The quality and beauty of these teapots are unmatched.<\/p>","description_size":"fs-6","btn_text":"","btn_url":"","btn_color":"btn-primary","btn_size":"btn-md"}}},"block_order":["item_3e7mxE","item_7cr3M7","item_kLj6M3","item_Lb9Nc8"],"settings":{"bg_color":"","bg_gradient":false,"container":"container","text_align":"text-center","title":"Recommended By","title_size":"h2","description":"","description_size":"fs-6","carousel_arrows":true,"carousel_pagination":true,"carousel_easing":"cubic-bezier(.42,.65,.27,.99)","carousel_speed":400,"carousel_autoplay":false,"carousel_interval":5,"carousel_per_move":"1","carousel_rewind":true,"carousel_loop":false,"breakpoint_xs":1,"breakpoint_sm":2,"breakpoint_md":2,"breakpoint_lg":3,"breakpoint_xl":4,"breakpoint_xxl":4,"btn_show":true,"btn_text":"Shop All","btn_url":"shopify:\/\/collections\/teapot","btn_color":"btn-primary","pt":0,"pb":0,"mt":0,"mb":0}},"733b8c89-955b-4eca-a757-653dff2b22ba":{"type":"icon-blocks","blocks":{"84bc443c-346e-494c-a531-8cd8bebc8850":{"type":"item","settings":{"bg_color":"bg-light text-body","shadow":"shadow-none","border_color":"","border_width":0,"text_align":"text-start","icon":"<svg xmlns=\"http:\/\/www.w3.org\/2000\/svg\" width=\"125px\" fill=\"currentColor\" class=\"bi bi-trophy\" viewbox=\"0 0 16 16\">\n  <path d=\"M2.5.5A.5.5 0 0 1 3 0h10a.5.5 0 0 1 .5.5c0 .538-.012 1.05-.034 1.536a3 3 0 1 1-1.133 5.89c-.79 1.865-1.878 2.777-2.833 3.011v2.173l1.425.356c.194.048.377.135.537.255L13.3 15.1a.5.5 0 0 1-.3.9H3a.5.5 0 0 1-.3-.9l1.838-1.379c.16-.12.343-.207.537-.255L6.5 13.11v-2.173c-.955-.234-2.043-1.146-2.833-3.012a3 3 0 1 1-1.132-5.89A33.076 33.076 0 0 1 2.5.5zm.099 2.54a2 2 0 0 0 .72 3.935c-.333-1.05-.588-2.346-.72-3.935zm10.083 3.935a2 2 0 0 0 .72-3.935c-.133 1.59-.388 2.885-.72 3.935zM3.504 1c.007.517.026 1.006.056 1.469.13 2.028.457 3.546.87 4.667C5.294 9.48 6.484 10 7 10a.5.5 0 0 1 .5.5v2.61a1 1 0 0 1-.757.97l-1.426.356a.5.5 0 0 0-.179.085L4.5 15h7l-.638-.479a.501.501 0 0 0-.18-.085l-1.425-.356a1 1 0 0 1-.757-.97V10.5A.5.5 0 0 1 9 10c.516 0 1.706-.52 2.57-2.864.413-1.12.74-2.64.87-4.667.03-.463.049-.952.056-1.469H3.504z\"><\/path>\n<\/svg>","icon_position":"left","title":"Artisanal Craftsmanship","title_size":"h4","description":"<p>Each piece is meticulously crafted by skilled artisans with centuries of experience<\/p>","description_size":"fs-6","btn_text":"","btn_url":"","btn_color":"btn-primary","btn_size":"btn-md"}},"72e56300-e237-4fcb-8c4b-27b871172bcf":{"type":"item","settings":{"bg_color":"bg-light text-body","shadow":"shadow-none","border_color":"","border_width":0,"text_align":"text-start","icon":"<svg xmlns=\"http:\/\/www.w3.org\/2000\/svg\" width=\"125px\" fill=\"currentColor\" class=\"bi bi-clock-history\" viewbox=\"0 0 16 16\">\n  <path d=\"M8.515 1.019A7 7 0 0 0 8 1V0a8 8 0 0 1 .589.022l-.074.997zm2.004.45a7.003 7.003 0 0 0-.985-.299l.219-.976c.383.086.76.2 1.126.342l-.36.933zm1.37.71a7.01 7.01 0 0 0-.439-.27l.493-.87a8.025 8.025 0 0 1 .979.654l-.615.789a6.996 6.996 0 0 0-.418-.302zm1.834 1.79a6.99 6.99 0 0 0-.653-.796l.724-.69c.27.285.52.59.747.91l-.818.576zm.744 1.352a7.08 7.08 0 0 0-.214-.468l.893-.45a7.976 7.976 0 0 1 .45 1.088l-.95.313a7.023 7.023 0 0 0-.179-.483zm.53 2.507a6.991 6.991 0 0 0-.1-1.025l.985-.17c.067.386.106.778.116 1.17l-1 .025zm-.131 1.538c.033-.17.06-.339.081-.51l.993.123a7.957 7.957 0 0 1-.23 1.155l-.964-.267c.046-.165.086-.332.12-.501zm-.952 2.379c.184-.29.346-.594.486-.908l.914.405c-.16.36-.345.706-.555 1.038l-.845-.535zm-.964 1.205c.122-.122.239-.248.35-.378l.758.653a8.073 8.073 0 0 1-.401.432l-.707-.707z\"><\/path>\n  <path d=\"M8 1a7 7 0 1 0 4.95 11.95l.707.707A8.001 8.001 0 1 1 8 0v1z\"><\/path>\n  <path d=\"M7.5 3a.5.5 0 0 1 .5.5v5.21l3.248 1.856a.5.5 0 0 1-.496.868l-3.5-2A.5.5 0 0 1 7 9V3.5a.5.5 0 0 1 .5-.5z\"><\/path>\n<\/svg>","icon_position":"left","title":"Longevity","title_size":"h4","description":"<p>A well-made Yixing Zisha teapot can last a lifetime, making it a worthwhile investment for serious tea drinkers<\/p>","description_size":"fs-5","btn_text":"","btn_url":"","btn_color":"btn-primary","btn_size":"btn-md"}},"3048af97-f58c-4158-9982-d13da4c7baba":{"type":"item","settings":{"bg_color":"bg-light text-body","shadow":"shadow-none","border_color":"","border_width":0,"text_align":"text-start","icon":"<svg xmlns=\"http:\/\/www.w3.org\/2000\/svg\" width=\"125px\" fill=\"currentColor\" class=\"bi bi-globe-americas\" viewbox=\"0 0 16 16\">\n  <path d=\"M8 0a8 8 0 1 0 0 16A8 8 0 0 0 8 0ZM2.04 4.326c.325 1.329 2.532 2.54 3.717 3.19.48.263.793.434.743.484-.08.08-.162.158-.242.234-.416.396-.787.749-.758 1.266.035.634.618.824 1.214 1.017.577.188 1.168.38 1.286.983.082.417-.075.988-.22 1.52-.215.782-.406 1.48.22 1.48 1.5-.5 3.798-3.186 4-5 .138-1.243-2-2-3.5-2.5-.478-.16-.755.081-.99.284-.172.15-.322.279-.51.216-.445-.148-2.5-2-1.5-2.5.78-.39.952-.171 1.227.182.078.099.163.208.273.318.609.304.662-.132.723-.633.039-.322.081-.671.277-.867.434-.434 1.265-.791 2.028-1.12.712-.306 1.365-.587 1.579-.88A7 7 0 1 1 2.04 4.327Z\"><\/path>\n<\/svg>","icon_position":"left","title":"Sustainable Production","title_size":"h4","description":"<p>Crafted with 100% pure purple clay using eco-friendly and sustainable materials<\/p>","description_size":"fs-6","btn_text":"","btn_url":"","btn_color":"btn-primary","btn_size":"btn-md"}},"item_igdgt4":{"type":"item","settings":{"bg_color":"bg-light text-body","shadow":"shadow-none","border_color":"","border_width":0,"text_align":"text-start","icon":"<svg xmlns=\"http:\/\/www.w3.org\/2000\/svg\" width=\"125px\" fill=\"currentColor\" class=\"bi bi-hand-thumbs-up\" viewbox=\"0 0 16 16\">\n  <path d=\"M8.864.046C7.908-.193 7.02.53 6.956 1.466c-.072 1.051-.23 2.016-.428 2.59-.125.36-.479 1.013-1.04 1.639-.557.623-1.282 1.178-2.131 1.41C2.685 7.288 2 7.87 2 8.72v4.001c0 .845.682 1.464 1.448 1.545 1.07.114 1.564.415 2.068.723l.048.03c.272.165.578.348.97.484.397.136.861.217 1.466.217h3.5c.937 0 1.599-.477 1.934-1.064a1.86 1.86 0 0 0 .254-.912c0-.152-.023-.312-.077-.464.201-.263.38-.578.488-.901.11-.33.172-.762.004-1.149.069-.13.12-.269.159-.403.077-.27.113-.568.113-.857 0-.288-.036-.585-.113-.856a2.144 2.144 0 0 0-.138-.362 1.9 1.9 0 0 0 .234-1.734c-.206-.592-.682-1.1-1.2-1.272-.847-.282-1.803-.276-2.516-.211a9.84 9.84 0 0 0-.443.05 9.365 9.365 0 0 0-.062-4.509A1.38 1.38 0 0 0 9.125.111L8.864.046zM11.5 14.721H8c-.51 0-.863-.069-1.14-.164-.281-.097-.506-.228-.776-.393l-.04-.024c-.555-.339-1.198-.731-2.49-.868-.333-.036-.554-.29-.554-.55V8.72c0-.254.226-.543.62-.65 1.095-.3 1.977-.996 2.614-1.708.635-.71 1.064-1.475 1.238-1.978.243-.7.407-1.768.482-2.85.025-.362.36-.594.667-.518l.262.066c.16.04.258.143.288.255a8.34 8.34 0 0 1-.145 4.725.5.5 0 0 0 .595.644l.003-.001.014-.003.058-.014a8.908 8.908 0 0 1 1.036-.157c.663-.06 1.457-.054 2.11.164.175.058.45.3.57.65.107.308.087.67-.266 1.022l-.353.353.353.354c.043.043.105.141.154.315.048.167.075.37.075.581 0 .212-.027.414-.075.582-.05.174-.111.272-.154.315l-.353.353.353.354c.047.047.109.177.005.488a2.224 2.224 0 0 1-.505.805l-.353.353.353.354c.006.005.041.05.041.17a.866.866 0 0 1-.121.416c-.165.288-.503.56-1.066.56z\"><\/path>\n<\/svg>","icon_position":"left","title":"Satisfaction Guaranteed","title_size":"h5","description":"<p>We stand behind the quality of our products and offer a satisfaction guarantee<\/p>","description_size":"fs-6","btn_text":"","btn_url":"","btn_color":"btn-primary","btn_size":"btn-md"}}},"block_order":["84bc443c-346e-494c-a531-8cd8bebc8850","72e56300-e237-4fcb-8c4b-27b871172bcf","3048af97-f58c-4158-9982-d13da4c7baba","item_igdgt4"],"settings":{"bg_color":"bg-light text-body","bg_gradient":false,"container":"container","title":"","animation":"animate__fadeInRight","animation_speed":"animate__fast","breakpoint_xs_scroll":false,"breakpoint_xs":1,"breakpoint_sm":1,"breakpoint_md":2,"breakpoint_lg":2,"breakpoint_xl":2,"breakpoint_xxl":1,"pt":0,"pb":10,"mt":0,"mb":0}},"latest_articles_jGhbPB":{"type":"latest-articles","settings":{"blog":"making-of-purple-clay-teapot","limit":6,"bg_color":"","bg_gradient":false,"container":"container","text_align":"text-center","title":"Latest Articles","title_size":"h2","description":"","description_size":"fs-6","article_img_orientation":"landscape-2","article_title_size":"h5","article_meta":false,"article_excerpt":false,"breakpoint_xs_scroll":true,"breakpoint_xs":1,"breakpoint_sm":2,"breakpoint_md":2,"breakpoint_lg":3,"breakpoint_xl":3,"breakpoint_xxl":3,"pt":0,"pb":0,"mt":0,"mb":0}},"1718699732c30aefe6":{"type":"apps","blocks":{"instafeed_app_block_3kmF8f":{"type":"shopify:\/\/apps\/instafeed\/blocks\/app-block\/c447db20-095d-4a10-9725-b5977662c9d5","settings":{"title":"","title_color":"","alignment":"center","background_color":"","html_area":""}}},"block_order":["instafeed_app_block_3kmF8f"],"settings":{}}},"order":["carousel","a809c4c1-73b9-42ec-b63f-9e0e1ec77bdb","89e25ca3-54f5-455a-a388-e1619b6ae4d9","ea15ac55-2f6c-4807-a5f6-7db273cec6d9","image_with_text_QU8drj","image_with_text_waAMFU","5cec5f55-2d4a-4dae-a903-e18f9fd86754","image_with_text_3aTCrd","testimonials_RNVMam","733b8c89-955b-4eca-a757-653dff2b22ba","latest_articles_jGhbPB","1718699732c30aefe6"]}