{"sections":{"image_FGNPTK":{"type":"image","settings":{"bg_color":"","bg_gradient":false,"container":"container","max_width":"","url":"","image_mobile":"shopify:\/\/shop_images\/teapot_black_firday_banner.jpg","img_mobile_width":"900","img_mobile_height":"600","img_mobile_crop":"center","img_mobile_thumbnail":"","image_desktop":"shopify:\/\/shop_images\/teapot_black_firday_banner.jpg","img_desktop_width":"1600","img_desktop_height":"900","img_desktop_crop":"center","img_desktop_thumbnail":"","pt":0,"pb":0,"mt":0,"mb":0}},"richtext_k86xxe":{"type":"richtext","settings":{"bg_color":"","bg_gradient":false,"max_width":"960","text_align":"text-center","title":"Black Friday Special Offers 🎉","title_size":"h2","description":"<h3>15% Off All Teapots<\/h3><p>Indulge in the elegance of our Yixing Zisha teapots with a fantastic 15% discount on every single piece. Choose from a wide variety of designs, each with its unique charm and story.<\/p><h3>20% Off Orders Over $200<\/h3><p>Why stop at one? Enhance your collection or gift your loved ones and save even more. Enjoy a whopping 20% off on orders over $200. It’s the perfect time to invest in quality and tradition.<\/p><h2>⏰Hurry! These Deals Won’t Last Long. <\/h2><p>Our Black Friday sale is a limited-time offer. Don’t miss out on the chance to own a piece of history at unbeatable prices. Click the link below to explore our collection and make this Black Friday truly unforgettable.<\/p>","description_size":"fs-6","btn_text":"","btn_url":"","btn_color":"btn-primary","btn_size":"btn-md","pt":3,"pb":0,"mt":0,"mb":0}},"618cf5cf-2c8b-4d18-aefe-c5b9736a9449":{"type":"featured-products","settings":{"products":[],"collection":"teapot","limit":12,"bg_color":"","container":"container","text_align":"text-center","title":"","title_size":"h2","description":"","description_size":"fs-6","product_img_mode":"gallery","product_img_orientation":"square","product_img_thumbnail":"","product_show_sale_badge":true,"product_sale_badge_color":"bg-danger text-white","product_title_size":"h6","product_title_truncate":"text-truncate","product_show_atc_form":true,"product_form_show_inventory":true,"carousel_enable":true,"carousel_arrows":true,"carousel_pagination":false,"carousel_easing":"cubic-bezier(.42,.65,.27,.99)","carousel_speed":400,"carousel_autoplay":true,"carousel_interval":5,"carousel_per_move":"0","carousel_rewind":true,"breakpoint_xs":1,"breakpoint_sm":2,"breakpoint_md":2,"breakpoint_lg":3,"breakpoint_xl":4,"breakpoint_xxl":4,"btn_show":true,"btn_text":"View more","btn_url":"shopify:\/\/collections\/teapot","btn_color":"btn-danger","pt":11,"pb":11,"mt":0,"mb":0}},"featured_products_RAxVqL":{"type":"featured-products","settings":{"products":[],"collection":"tea-set","limit":12,"bg_color":"","container":"container","text_align":"text-center","title":"","title_size":"h2","description":"","description_size":"fs-6","product_img_mode":"gallery","product_img_orientation":"square","product_img_thumbnail":"","product_show_sale_badge":true,"product_sale_badge_color":"bg-danger text-white","product_title_size":"h6","product_title_truncate":"","product_show_atc_form":true,"product_form_show_inventory":true,"carousel_enable":true,"carousel_arrows":true,"carousel_pagination":true,"carousel_easing":"cubic-bezier(.42,.65,.27,.99)","carousel_speed":400,"carousel_autoplay":false,"carousel_interval":5,"carousel_per_move":"0","carousel_rewind":true,"breakpoint_xs":1,"breakpoint_sm":2,"breakpoint_md":2,"breakpoint_lg":3,"breakpoint_xl":4,"breakpoint_xxl":4,"btn_show":true,"btn_text":"View more","btn_url":"shopify:\/\/collections\/tea-set","btn_color":"btn-danger","pt":0,"pb":0,"mt":0,"mb":0}},"richtext_pAYh9X":{"type":"richtext","settings":{"bg_color":"","bg_gradient":false,"max_width":"960","text_align":"text-center","title":"Unmatched Craftsmanship at Unbelievable Prices","title_size":"h2","description":"<p>This Black Friday, embark on a journey of tradition and elegance with our exquisite Yixing Zisha Teapots. For a limited time only, we're offering an exclusive 15% off on all teapots and a staggering 20% off on orders over $200. Elevate your tea experience with these masterfully crafted teapots that blend timeless beauty with unparalleled functionality.<\/p><h2>Why Choose Our Yixing Zisha Teapots?<\/h2><h3>Timeless Elegance<\/h3><p>Each Yixing Zisha teapot is a work of art, meticulously handcrafted by skilled artisans. The rich, natural clay enhances the tea's flavor, creating a unique brewing experience that transcends time. Owning one of these teapots is not just about making tea; it’s about embracing a centuries-old tradition of elegance and refinement.<\/p><h3>Unparalleled Quality<\/h3><p>Our teapots are made from the finest Yixing clay, renowned for its exceptional porosity and heat retention. This means every brew is perfectly balanced, bringing out the rich, full flavors of your favorite teas. The more you use it, the better it gets, as the clay absorbs the essence of your teas, creating a personalized tea experience.<\/p><h3>A Perfect Gift<\/h3><p>Whether you’re a seasoned tea lover or looking for the perfect gift, our Yixing Zisha teapots are a thoughtful and unique choice. This Black Friday, delight your loved ones with a gift that symbolizes tradition, sophistication, and the warmth of a perfect cup of tea.<\/p>","description_size":"fs-6","btn_text":"","btn_url":"","btn_color":"btn-primary","btn_size":"btn-md","pt":7,"pb":3,"mt":0,"mb":0}},"1730263110b98586bf":{"type":"apps","blocks":{"instafeed_app_block_HqrAmV":{"type":"shopify:\/\/apps\/instafeed\/blocks\/app-block\/c447db20-095d-4a10-9725-b5977662c9d5","settings":{"title":"","title_color":"","alignment":"center","background_color":"","html_area":""}}},"block_order":["instafeed_app_block_HqrAmV"],"settings":{}}},"order":["image_FGNPTK","richtext_k86xxe","618cf5cf-2c8b-4d18-aefe-c5b9736a9449","featured_products_RAxVqL","richtext_pAYh9X","1730263110b98586bf"]}